Crottin de Chavignol ,Country of origin, France
Crottin de Chavignol ,Region," Loire, Chavignol"
Crottin de Chavignol ,Type," hard, artisan, soft-ripened"
Crottin de Chavignol ,Fat content, 45%
Crottin de Chavignol ,Calcium content, 0.7 mg/100g
Crottin de Chavignol ,Texture, crumbly and smooth
Crottin de Chavignol ,Rind, natural
Crottin de Chavignol ,Colour, white
Crottin de Chavignol ,Flavour," full-flavored, nutty"
Crottin de Chavignol ,Aroma, goaty
Crottin de Chavignol ,Vegetarian,  no 
Crottin de Chavignol ,Producers, Various
